Contract Address,Arbitrage Profit (USD),Arbitrage Volume (USD)
0x8f44e22ac221cc25a46289d1c307d4f34a4dd6c2,5741249.357,9253846.633
0x9e9346e082d445f08fab1758984a31648c89241a,2114383.24,7789423.874
0x553eea17185e5ae6bb72f9528a4c3fc1a844b859,1268150.302,6485947.103
0xc34349fbedd527215aae19b2e4626254ec29a13d,1262516.598,68810679.29
0x6b58007b960016b2f559dbfd809ac4dcb1febdfe,821175.1458,4000063.407
0x0000008878718d1fef2f99de1febd03c6c09f4d3,799200.5437,4589289.041
0x00000000d3baaa99a7e09ad0cd6efa987484064f,709176.1762,19465973.47
0xd234ca832efbd43819dcc96e25d0586d4e5d976f,627137.6745,2221447.024
0xbe69dde0a051e72e18871be52cf506e419058f11,512442.5971,2939217.849
0xbe19c3010005f4e0d520d071e01862926f969d6f,505296.9827,13508921.59
0x98d54bbf1fa3e74c2ace039d1127dccfb713b63d,468888.4035,1607006.148
0x0562bddeea599185cb5ba025875aa4e7c0295428,453395.1149,909169.9504
0x85973bf86010baad75d198cefd37491d5749a68c,452599.6406,1031992.005
0x6d660980b00c3405c2dec173cf2259b15572b9b5,430593.1874,1641103.902
0xe9d70204a5984b01253856180e79257d1d458489,348236.051,1442021.084
0xd5c0d0c6ab2fd857f909915268961e8916229269,344545.6923,585611.1015
0xac9df97f9cd7a5f66913d107cddd00f40ac9ab4c,327114.6252,1552159.598
0x3557947b653d8a90a68e2690d3bd120682bee447,325523.8682,1844523.939
0xddcae987e87f3ce55d8d25362eb11a77480cb7c6,320164.7253,1767099.969
0x3773e380e06c6ec156116f77021862c45c6022bb,308672.3345,1456287.6
0x0000008682fa8c3aa14b11894e90e3dcbbff715b,298429.5757,1056832.613
0xf23125cddce9c66c2b151bb85798acfa5663ae38,297596.886,1028634.345
0x565b52e14acd804d4e405e2b8c8bcd7f044e9ade,288499.5998,1778424.043
0x428d1f7bbc4d8618a60c81202dbe933b9b632926,283814.8576,726461.873
0x0000009076d16e15bb69d35f4717e9d4268efc7b,227329.6948,668848.5584
0x79ce474afe4909d07426dabec44afb2d9f5d4cb1,221399.8537,426771.0722
0x76a45fbe7cd2ebf32459401eea870d17e50c2107,205787.6713,576168.4117
0x00000060bb1e57e3f1af1102f68db9fc2ee489bc,180452.5441,805175.1814
0x0000005bccf3765153fd0000a49700da0c2f6500,166058.724,274414.05
0x0000000f20b778d2424e95120652e2d40d8f5aac,157865.3348,488273.8333
0xc21b472e150669a9e20a1233cad67eced2851ec5,155465.6716,686735.2116
0x305d6b86c9758f81a18d22105655313cc58e1a9f,152658.0813,790022.166
0x00000000174b0ba12b89da994258020837ad8818,151339.188,424495.8771
0x52ca1cb9fc6fbd1cfe5630e74de8738b517a367a,147858.0367,1005403.254
0x37cfb095007b9801bb048a2c6ea77872cd8d1907,147373.996,681900.3411
0x0000007370af0000ad00be0efd2f1eb6e6e9d700,139209.603,455541.8089
0x000000004b5ad44f70781462233d177d32d993f1,133477.9441,444405.8345
0x000000591f843e0bcd61a4a7442ee722248d23a5,125018.337,489818.8257
0x00000007d259e6b322766529ac387b53a1584724,122164.561,478265.7172
0x51364292c0e7fd6ec3d1356eee3bcbaf64b31ba4,120497.5797,838973.7257
0x0906d9bf9f55760f4d0fc4432c7d10ad9ffc48b7,116131.1205,326728.5653
0x9fb274561770fd8a96af69f82492f815cc5b3817,115562.0292,154452.8186
0x78695c62d060f9f514de007f9079277c0e31029c,108372.8247,594766.3317
0x0000000009cb38fb8a1bbb8ada23c8261118f019,107029.3536,659640.7483
0x0000000000e43e0c383403dd18066ff60d5003b3,101874.1204,695707.9723
0x6c90145c3a786e3f636953e865cd0ffa54c65f92,101176.9075,369258.0582
0xed40e7c2a8155ac71aa9a1ab4e96117554519c2d,95096.87699,300764.7695
0xf7eb3779328e91a4bf7423ef79538101fe9bb546,91240.63682,129131.4888
0x4a259cf517662ce82937017e67c93465106049bd,86558.36529,453842.5193
0xe696006202e747cc5f8b486b4f66547dad28f8c5,79152.34848,305832.4145
0x110b2b128a9ed1be5ef3232d8e4e41640df5c2cd,77148.19276,3020010.872
0xc26a75ce8c75aa59cccf6bc3e75df42041257fc1,75368.92513,352165.6561
0x847236b8c34259a9bed67dcc1647cffba8fc01d4,73113.46665,133956.7563
0xf2a0aaecaeef1a00d1eb6178fb30de5695519abf,69899.12443,402235.8837
0x6cbff25cb77b20af6a5c4b0cfbe70da9ec93e75d,68585.40591,159714.1109
0x5ab04ab1757ff729ab63872f0c89c66911e7fbb5,68528.42667,265425.78
0xc8bea9387557e0540f30bf1583fb8cfc53c00897,65071.92463,312122.1906
0x44c4d56cfe67f8357df15f0fdc8660d5ae75a2a9,62210.2826,311543.2893
0x1244ab4e8ca11dee3c4ef871d8a78afd9d0c2128,56899.53758,297347.7217
0xc74270fa27a27c15682b7ab59c7a43364536d4a7,54372.0387,327660.2125
0xe28eed44ada0591e5b29b33731390e23b102b515,53682.13808,133706.5835
0x73133e73d79096a7c2b0ab9458121576f315268d,50708.98493,104152.5915
0x6cf266157f268b8a32ee5f0df10a43a944d2fb10,48802.5644,111801.7613
0x67d9abbb354977dcb57589312fa246551c9a9f52,43922.76317,108103.9345
0x000000000000660def84e69995117c0176ba446e,42828.5096,229660.015
0xd1eb1934e55ac9dd4d76e3f8a63f84eabd5fdd1f,42073.21895,291233.4046
0xff193b6c2d40b61613064205b63543f41827255f,41984.42939,296045.531
0x5f135cecfcb255cd7df3b4ae957065130d3a0ad3,40985.22303,305497.6504
0x7439d03206db2006c69d7b9545fbbb5349945796,40573.32531,115438.2882
0x7358b8f966f17a2097c26d2219a2308b8d3e7c70,40113.64834,544608.5921
0xf80d365817e21652b0d17383aa792c1111b8939e,38700.74004,80849.07737
0x30890a0bf1036071085726fdb9c48362e689aacc,37564.98997,71870.5172
0xdac3d422753959e85418ba0662168207f150446f,37052.30779,118531.0384
0xcc8b749ef4438810dbb2c581c0c88167a351dc26,34630.42912,116549.8262
0x96110733067782ff8e4450b33a86924da21239da,34038.49053,82702.14484
0x000000dce08f643423c0bec02b0799e37f076781,33231.13927,105370.1779
0x000000090629d24e9ebbd5bb2a714f21ecd6ed9a,32198.02595,88785.07825
0x81e7c20cc78e045d18eaa33c9fd6c3ff96a54118,30570.51285,179593.178
0x815b2ad3c669df996fc55a9472ad251312476898,29968.84872,77154.02903
0x00000046cab147bd2928609ed674344843bb55d8,29855.16229,126186.8369
0xc6ccae10c4ce08ec0f604645ffd0daa3a6c9307a,28806.96058,97438.73433
0x8d7473636b0332439fe5562e9b1a344a33651e29,28405.4057,128230.3002
0x0000000765306855601b70d930ac579b23a18d44,28044.96129,85562.87908
0x58391ba63cac08abd47b5cb98b283d1fe121b2de,27653.95159,217688.7099
0x92cb5c37e637258a4a4b032eb2f8d56367537337,26191.01869,35819.63024
0x862cb7bb8cef3e6a60ee6d1c3698f629fff1c9b2,26163.63777,162903.3997
0x0000000dc0cc877153e7e93870ad2a3382e99ca0,25814.88631,92331.91855
0x000000000000fd461ca2d54e8f4b3e37749df921,25712.46717,138380.386
0xfd41d9907b4b7fc34e7b9c72afbe1207fc34be02,25162.53619,93686.23855
0x7ec5385d28868155b22da4c8bb5ad7ea2036104f,23381.09667,238514.6246
0x3c631f85786e8f6809f8e76dea9e94066840a1ba,23247.91336,109891.2325
0x6b4c15f528d8114abfbb64122f906146305af320,23106.3628,59801.6449
0x6af9ea7293a4fdafec5792344632f58fd0ff4eb7,22567.24905,293264.3313
0x0000000059d817f75c0157b2ae2b3298c9cfab42,22138.75629,222957.6036
0x68c8b825c61caac53642375be43ef60605c92bea,20177.22554,44775.31692
0x8a5da9047000225c0b2db2849c899a4b7de40449,18422.03854,39494.10388
0x2e0dd51b0e9683db5778f91a829a445413f9f176,18136.94568,77000.88576
0xfd597eaa0b6e895904e8c1bf88ea79187f3ec38d,16778.76749,110291.2731
0x0a355ade8a8f4b785b229b5a764c29be24cda44f,16009.44543,93035.99582
0x660d970081b263fe291d113a020f05060a3a6712,15660.69146,99770.54606
0xf91ec352a2a54ac97889b592b25dfd7630a0cd4b,15244.92913,52201.94588
0x316ee9942fea227280c9f70ca292e01bf1c92ccc,15241.53153,48592.5948
0x1429f31ce86a8f9490dd2178b88e7647db3ed0c9,14675.58444,43783.36244
0x375a52f73b254fe528b3a15cc4ea2b7db4427530,14536.78679,105592.554
0x6558d901c0737631b078ec468a5a8c1182d09b21,13778.76366,37904.88629
0xe9ef637dc02980d883320b5e458ff6f432a78618,13349.20144,48942.92799
0x906b7e8c4fd8ae6e8112797f15fc4253073c2b4d,11665.24474,44465.14219
0x024a6affb1861a8549c9d6117bfe370d3b4f38b7,11485.73792,108720.814
0x5651f73b1587a9daaccf362c7e5d2ca169650a80,11176.7797,48565.97183
0xd050e0a4838d74769228b49dff97241b4ef3805d,10973.40395,31367.53274
0x2d0df1bf97f26b59709abfdac6854ef4530fe8fa,10732.04221,30832.26183
0x87c4ac0002488426c5d38c122f9630d0adaa48d1,10695.4258,34317.05594
0xfcc9303f8c3a3bc3764c23f03d1a6e5ccca50aab,10669.48368,83183.14232
0x13c10925bf130e4a9631900d89475d2155b5f9c0,10453.93467,76694.27588
0x0e113904cb1d53cabb324927dffae2f8f6705111,10077.04141,15131.9488
0x000000000270308035ea0e02710b2027020846b0,10030.74942,98545.12809
0x07197a25bf7297c2c41dd09a79160d05b6232bcf,9758.224357,47191.20711
0xb34c38d29bb3eca1e1a3dd25ab12e8ffa357a984,9539.985873,71072.12634
0x332a58f08fb70992d2c19eed7cfe4787f8bf671c,9357.036887,43613.66835
0xae4f4bd402b7d5e1090186aee217b0ce8bd53d48,9327.509458,26905.38239
0xa8a8a9d77568d922a1e47e6ed5fb67e8499a29ad,9139.82386,41663.0825
0x00000000000a6d473a66abe3dbaab9e1388223bd,9062.565509,68253.69137
0x160f5f00288e9e1cc8655b327e081566e580a71d,8756.814768,17718.59527
0x000000000082818ab92a4b79611a30ea146fd607,8713.486199,30836.32183
0x2cb25b2b1082d7062a4e114c3510ce274692c8ea,7881.200633,41623.06696
0x0000009929ab383f0000e5e800f255c6c600ad32,7049.649829,35253.8303
0xa8ecaf8745c56d5935c232d2c5b83b9cd3de1f6a,6861.052472,33507.79788
0x34a240fad6b74274bc4fbef9e48af6a614b90abc,6584.645682,10069.18566
0xd434cea7207d2e330dd1129d777191dee6b7c37d,6569.932711,68319.35787
0xe82dd2449989d73a5840300c6110eaae66b90092,6308.738752,22815.15299
0xbd352d2dba1aaa3d94b5ce507c7631bfa5ec39da,6149.88726,17548.01813
0x8298e3b77f85bc77fa112e0da35345acd5aebe26,6102.914577,22857.03612
0x0000000000897daa8ad26af7bf62b63e7c1e00f9,5928.032575,34343.91341
0x55cdf90418f4ba7a0b80543ede12f3e25f0702ec,5863.960725,61249.27502
0x5b36e6c8c29cbba6475f9819b9b9572e3f00b617,5857.018014,14464.45181
0x19fe1cbf96cf38bd0ae84556505cef05e57857e6,5810.443292,56873.49859
0xaf708ad676a9558206e108afc07bd798dda0dafd,5731.040406,7271.001992
0x8f21eb5749ebd9870eed133ae451ad0b6d4e6e8c,5607.90887,19430.43078
0xdc5de60ac04526c66b73d817f87c5f02db17e8b4,4914.278381,23568.48907
0x6c6b87d44d239b3750bf9badce26a9a0a3d2364e,4627.670831,7785.052091
0x87133fe0ccc12677bd5a3863ea77dac7d95ec4ca,4512.257791,25674.7649
0x0c208f3f32a64cd766ca574bf9e10f8e5529c97d,4506.709798,45405.67973
0xf9a001d5b2c7c5e45693b41fcf931b94e680cac4,4470.177994,19695.58211
0x6f086b3d387cecc0db1ff0a85c1d2e19dc753c93,4207.311774,45447.98876
0x2c428ad6685b6925567cb97df172d7ae8602376e,4047.512925,8179.29767
0xc278e549440d8818d36ad61f5110e073a85eb885,3923.31186,19028.41189
0x98902d0aaa0c12b033b7df601198a4714c482bde,3907.11926,8144.167538
0x00000000cce816c69bfb52ffa225cb1f3ee04c71,3858.525167,9985.059051
0x3a3a389eb26ee10855c507205121aa0757561cff,3727.728668,6089.247621
0xf87408d22c2b912333e0b83747e73f3783b7f2d0,3360.342728,25519.70861
0x00000000005a7685cf3d96882bb072f776093268,3239.120065,10780.29934
0xeadfdca772e672362aa218a2c8e82aea9c8b0d18,3212.545908,6356.514964
0xcba0e16cfb30cc17475266972927c684f8f3184d,3163.053279,19012.36862
0x00000005d0a5d78a761f0e035fe991d4c6d1b780,2930.059107,7067.912482
0x5996ccce4387541ba79ebbc97ba5654b1fd635d3,2702.545853,5913.003466
0x283ef9297109e22286728504e7ca2efa4bb09ce4,2662.368929,6078.717922
0x1a7066d1225526bfe2b919dbd1d730fd9aff82d1,2621.536686,4304.137873
0x75994b3c706d863305abeb08374439e772bc397c,2428.705064,4184.181408
0x847cfafe83dd224052fa0668fffd005dfdb03be0,2411.691111,4712.870665
0x27ded67d88c0da8c6b0fb0f7c78d87926d71119a,2403.063676,189842.0304
0xba56790011779c0b1c51cfc251a042180345ea6b,2381.450712,8297.911717
0x84f30bc20fbcbcd2f2346574dc5a077a4fe2159a,2155.365473,4822.713398
0x3045c54019bd34371974229af1a6cb1a45fb98b9,2116.659999,8945.51629
0xcd3f8a7df74ce8fd61900af9a2b424fc91ac862f,2077.44483,5582.040646
0x203e6bf2642dedc5a8ff0a6aa765f91b86bc7268,2011.717848,18384.56191
0xbbbbbbb5e4a27041c8d4e288a3c1410411f68c0a,1866.953747,21253.26605
0x1edbb7040b1be181f0bfbba1bdbcf8ccf3ca9c8d,1858.603144,8347.153687
0x0acf7804f3e877b56e020a912172e6f10cbcd751,1821.007653,8129.596629
0x13960f02df0a565252af632be8f37bb24ee8d16e,1641.650823,13508.72515
0xb1620722ce06d38926ea96ad3357a25d872f802b,1615.808268,7424.871382
0xfbfb48b13244d3d11ddb92cc8d657390a4896ca3,1465.961222,8612.11338
0x670aed14a87237d143cc2974efa3b493a504a451,1461.307816,42125.16236
0xe83915b3fc4a8520e538594a87d00e9f6ccbeae4,1404.116782,3685.570417
0x8765983e0284003c9565a8a52df7b66f08e292f3,1384.990814,3153.11601
0xc3d3769d378f29333dc79902d0f08883bd728cc4,1368.008322,1793.263432
0x555555d8f93e08d4eb2d3f412de78cf67207f388,1354.589494,4939.176584
0xe911519dc7f35996c6ad5c8a53e82b101af790d6,1347.014362,23482.35976
0x511982c7854376a3ded0340a2412444024858132,1302.003177,10153.40908
0x849be7c3ed5895f56acf955f88489aaa25a82d58,1277.293966,2144.604439
0xfd024fb8078f8192f51921510fd0459f7cc527cc,1239.112672,7198.98525
0x000000003900d3a50034f7e8e900edd699c8b4e1,1217.037971,5259.133986
0x3e8654862aafb045ba08496e6918cedaf9dab30c,1205.204797,9211.111912
0x2f002c83d985fe1de91376e6b2effb4e738f811d,1192.80624,2576.520715
0x21dec254be248af0293a3c4f5bdb06d77c7e9e07,1062.525303,2194.729024
0x4455bf5ff697bff448e85314fd20acafe3872e7e,1060.645521,3947.63039
0x908ad976d79b0b64c8f57979126d4fe70c34eb33,1055.129025,1416.73469
0x50a269ff3238db9c60ac2205cf5268e009753de8,1018.235456,6753.348432
0x1de04691ebe0f3f1cf0e9cdf7cd7924a8edd586a,1009.267044,2682.244964
0x56512fb152bbfaa6cf20649cc9ca551b6df5c5ad,1008.154032,1680.604665
0x0000000000e9c0809c14f4dc1e48f97abd9317f6,1005.443384,8139.087203
0x331d504ce5e9e64bef2accfc87dd55093962d14a,966.0209595,7701.594024
0xf4ce3f01788a6066d38145ca5995f68ed9128e61,917.2060206,72459.27563
0xe8d16b8353ff0272d5dc50c7a4f006cc7923ff52,917.0819545,1196.580049
0xa2d515a231a4123f022dbeb007c6a074428f7def,916.4874033,1151.810356
0x7a8b04d3c65f0198e812283498070763ee391759,914.9938157,7461.964333
0x000000005568be30e5a9615d78f2be9c7de3a4ff,891.1080744,3545.927247
0x369385632ee805dc35500f1d4dd978f4fe8061c5,890.0139215,4787.185175
0x923e380f9629519e8ddda3c547e6334104634400,885.5135153,5555.434782
0x98b98a59271b0a400e5485cc6f1063e9be127821,845.0809077,2081.697221
0x549d5b0495c107f62a0c87de311678c8cc905d59,834.4820391,1164.770382
0x7b7bbac3ebede27c39c31bb7a9fc805ce830cf15,824.5669856,2436.367039
0x012b38ccb3ae97a32cd24088bf9426d4ee5442d3,810.8427112,64056.57418
0xf45e25c2e1e0b10651f0fa94c3631d5c93b8865f,802.6172863,6104.310531
0x9a4f3562c6feb563dd188c7e7e733ea06b5ac90c,793.3450533,11891.5576
0x8788a7cfd63cf06d0d7716c6a66f54b58248c896,773.4058832,1160.358427
0xf84414b140fb4888602b4a872733ad4c7681b7df,759.0083965,3343.859966
0x817197814463c243da5c078348d63f9e597e9067,753.0969603,7776.313723
0x5c3be76d59d476193e0eb3aa19fcc2ac6a1efe08,704.1938063,2629.950614
0xd194fe47812c4d2e340a816092c5e5dd49b99745,681.923205,1812.108424
0xe3fa51bf43d6baaa717e0f8c9cfb17bb688a5b96,653.9588922,2148.722074
0x026bb4540605f3729e922dcf4d3d6a687b6f3c0c,650.0751918,9650.821706
0x000000080afb91eebb7cc93bd945c5d5d38b1546,645.889901,3453.548553
0x00000000028d6486e9f15e65deb763cef5310454,639.6634727,6127.862087
0x537038d516e7e71bff78a555799ce0daa01e79a1,611.1278085,48279.09687
0x4424ce069c49f6df398bb7489b066c3f029f09cb,608.6131592,2416.716237
0xcf8d3eb9be820927253183228fcbc23d55024244,590.3783095,624.4387954
0x1d8a7b4faad79fcf927616a0414b4048123c0f05,575.443786,45460.05909
0xf26421805e64ecb073e6ec6d66d8f561e072715d,565.4604608,3594.034641
0x2d924c0bc8033e7866b90ca2a76cbf4b5714b11b,543.5052173,42936.91217
0x117bbf1638e6c0a68dfb1d08c935a4cdcf3f11fe,539.4112502,1120.366229
0x52beaf46d98a6caa234d5d6fd3870fd8a7727b74,501.7297956,39636.65385
0xda1aa6f0f7ad41217fc6334ce13210f55acb0b86,498.7928393,3066.486898
0xb0f435ac937613fa4dfadb70712fbcc07087d53c,497.9136,714.7122818
0xb867bf22106dfdd82fd455ea4d4075cdb43148a7,487.7565568,862.0823037
0xd124ffdd1ab4c6735c05728287453396ee57a80a,480.7326494,617.3326166
0xa5c5e686f7f4ff921a4c9bc0a512c3183cbc863b,457.8190387,3938.526762
0x2e5012ad43efd8cc9c98af234c2c9871869f440f,441.3069761,4380.780752
0xb2b0ab4f4c079da12302b97e0f8d10dd71a988d0,440.4995179,1651.182742
0x829674ea0b771938ca1c9bf9b0a8bc509ba9c6b0,432.7710786,3360.9963
0xc927cb8e316f1c29b5e4d733134694603599f1dc,431.7692047,2799.073207
0x8485c32c40cb8a38b07bed6248763528f6351d97,408.0300382,15542.63122
0x5dd8a04518c9697a5b57c8117fb727de82c14219,402.4837039,3334.424252
0x00000000001efd977ddbc1cc42f656884ce0f4ac,377.8997413,807.1355969
0x797108b82f70c2d25af9b0811ded36b403c6676f,375.4616447,29661.46993
0xb282085e3641ea1fd68df68f749e926fe17d69ec,367.9918119,1086.009949
0x3fcf640096804136fed80a45dbe99e0bcfa41d37,358.7695544,2004.222763
0xacbf6636d9b773dd53a50c128ab2e1cfb9edebb7,352.9242574,1331.671287
0x3385cda032380b3ebcd031ba6c51bb9f09020ce6,346.8733746,380.8922904
0xbb41dd49254e8b9d631b835062392a460081734d,346.1952627,27349.42576
0x830e49c50d40ab3628b55ef69301ad889650ca5d,344.2710221,4800.16487
0x2868b9ee5a3c9d5bc0244d00331dbfdb63a4328d,343.8118294,686.0669032
0xf1e1c6eb505a309551cad63709bb7be85f1504f6,317.8796205,424.2838305
0xdbaaead84a42358094cd51fa9087e4716abf3a42,310.1331837,5759.488356
0x97428e85c973d3ad32aec4d6494bc93217741055,309.6407028,2167.484919
0x398c97930e45cb769597e2803f82eb1ad3921b9c,308.7653324,2011.879657
0xab0b0bc07395344d1723e5fd46f6cf8c91a875c8,308.6476618,534.2071262
0x80ff791b2972e9b8b4d644c27aa4f96aebcbb34a,301.8463194,414.6840318
0x6ffad20d4cd79e1274d2d3b39adc83ee7362901a,291.2059811,2616.575843
0x1fbe7279da134c53fa521f5ee65891948e775e17,288.2014295,22767.91293
0x972839857c39ab5faead03736a4f229123fd0681,280.7578813,353.3407197
0x1edd5985887eacbee69b8c3621f8ce57cb616be2,277.3411331,5902.318154
0x392c429f6bd9c42c69d860da82aaa493bca83b2f,277.1452567,2263.392089
0x000000c77522f93a108814a6c184a957fd621cbf,263.2413622,839.4935522
0xc30b7ec19955ee9cc0c2c248e5a6194a31328942,258.0964863,3782.189465
0x5df79b11ce002fa5833d4ef1b05415022e5c2ab2,257.146069,14144.02176
0x11ccbbfbc13eeba73b2c62fe92dee097f716897a,254.2758679,431.9801695
0x000000000017a8be7b016f3daf309c785660e12a,231.7573683,1530.879971
0x6379d35f32987535afcd34f079bd51adf53a1ad8,229.2892256,18113.84882
0x61b055c973cf22d229ccc86a3add9bd814f51dba,223.844925,373.074875
0xeb90141895a0ff1839e4846362ae780b9796644f,222.7718066,17598.97272
0x0000000000d3a4797dbc9f0410eb46cf4498e51d,222.4179366,8414.458811
0x86e954ef6b096c94faf0fafb6f810111639855e1,220.1501337,1984.348979
0x6296f69d4cc5da9db599ea7155a07dc8de3c4e3c,212.0177396,279.3794814
0x1be34d4d0fb017004949f398385e438bb659ce69,211.4076403,217.5693171
0x590f29ab94146fcc102690afd34abde2278ca5d9,210.9960549,16668.68833
0x65db9b0accfb59bd6e727777c0752d1def6875e7,206.6619661,267.2356088
0xee49990913c20d291b286faede5df5abf38c5ac9,203.9289961,281.4180706
0xa8ef0f90a4d18d065fb1593a69c2570b758e6e51,199.1378267,391.0802237
0xe5c1cf6e8691604b4fc8b509144d41772a6bc601,194.7026489,2783.306121
0x959bd7e220bd7e8ea0f54748592b9941b2ffeabb,190.3051703,279.4703549
0x0d343ec6aacf1f0fa8b604425f8afcc4bec8ad0f,189.8054355,14994.62941
0x917a5d065cbf59e0ba8cf0475c1fad7aa16c76b1,189.774547,699.6138549
0xc5b97cc7718bc82cee93143d26fcfce2b6db96fd,186.4866322,318.0249354
0x8a4db91ee3a073e88232cdfab168b27eb6c010ac,182.9231191,14450.92641
0x1f2808d42bace97154e66d4521f55be2b2ff1161,172.0031231,6984.905867
0x2fc9d4e27186a90a46b60d3c2f904478cad22ece,171.6839785,13563.0343
0xcc4d049ec74b00dd45f4887bcb542b1d3a82ae21,169.7293678,13408.62005
0x0000000dbce4d81ff7762b4d32aec0f4fb66bdde,169.5875235,726.5933734
0x115d55fe3f068e05f57d247389c5b93534d685ca,167.2855714,13215.56014
0x8ffe90a8260714d33c2eb45c166453edea5bf9ff,165.9717571,1434.466077
0x736ccba79a8e4988df79e6bdfcbe9772eca43505,163.1277652,1025.710961
0xb54611a9a7ee5d4ca6f2e464685a1acde6fe0d2e,159.4021662,304.0132773
0x00000000edf885c522ee0cedd9c9cb7641d140a1,156.2410179,834.7707591
0xbc32ec088b04bd15deeb0f8a2345cdc797e05aa1,147.21394,11629.90126
0xaf6376e68437ee82d1e0e47ae9c217f35681074c,146.7066357,11589.82422
0x954d65e5310607e12f93f6156de92cd37ffcae8e,146.3795133,11563.98155
0x1000c33931be2fdbebe34f2e7bc338fe1f2d3899,144.419212,11409.11775
0xf87911c548c93fc668ff76a2f6a51a75ac38cea8,144.340483,11402.89816
0x4b6f308738e02a72f599764204aeac368a02b69e,140.9513573,672.3021774
0x1bfc13630e21a7a4d96a07b55f990c5b784da6ab,140.5863739,378.4645905
0x8871a8e6510aad1b8813358e9f02afd4915ddcaf,139.2586379,11001.43239
0xa786f0c1d03344821f29c08d23bb687efce14578,137.5216009,10864.20647
0x2b1dfe2c71ee8a6b41c532c9c94cf71d8fc18b42,134.8197469,2669.709024
0x7285c0fd0a5bd1e599c779aa9da60b224ae24af3,134.2493535,10605.69893
0x964e785e3314b943f1990a9d6f864f828ee9b40a,131.9079854,10420.73084
0xe4000004000bd8006e00720000d27d1fa000d43e,129.911905,1566.856587
0xcb282fd593438b8872a5f131694fe6e2075dc257,129.2516057,1030.575647
0x674560537736b0de7544e799352fe4cdd8840a0c,128.9119616,1569.531306
0x2f01879ddc136f2afe2eaee7dad3dc029d8c0417,128.32604,10137.75716
0x8e166ebb2dc4686640bc70e47fdea1d2615cc443,128.0461833,10115.64848
0x0f5cece0e5acf39e569ffa7eac1a5588351e6266,127.7663119,1734.902604
0xabe6a4ee941725dbcccac1e02a97814837fcf5fd,125.2510945,9894.836462
0x72f49d5f088303cc2882d5efe43089aaa40adbb6,124.9678843,9872.462857
0x4664fad2ccf9ff19eb445172c732fece889ed354,122.3297582,9664.050895
0xf7a5aa94fdd3049d1fd78b69863282c4f4ff686b,116.4871655,9202.486074
0x6aeab8180ebd47a874daab78045a05f448167b29,116.1411564,9175.151354
0x1cc3195c46c2f6af665ae281ad861eab88ed8fb5,115.2323715,9103.357346
0xf8609d192f93abaeb9ab1acac50c5d61bd8b3154,113.3950467,8958.208693
0xb4b6854871f196390a4aecb27eb794f2b32ac971,111.3914477,8799.924364
0x4de743bd991ee2fb4ebf4b9cbc5b191e0215b03a,111.2484301,8788.625977
0x6f7ce10cf9335216f63f37f15d6734a1d417db92,110.8538824,11426.18085
0x55ab7ec373fd9f3c0cfe027f08ec68d8e5e014a8,110.7599486,8750.035939
0x58f73b8eb82a143a100bdbe2feba7b18cc259ed4,108.7081224,8587.941667
0x65967a7bf2ebfa8821cb6890d169826a3965104b,105.5774347,1220.265872
0x92a3aff7445e3f25f42540d16884e662c3da02cb,105.4097135,8327.367369
0x70321e9d53d5342c82f2563c686a2768880d8837,103.7261221,821.2851438
0xc66f2967b0d8dfcb543a3fe400aa906bd4ff341d,103.0325898,2698.694614
0x2619b859eac59b6d9f2e47436b0f57a07cfc7468,98.24279749,104.9129245
0x524a185179cd9790655bf6dca9e0a6b2338e68e7,94.43796022,7460.598857
0x12e8ff5afe18389f6d0a1bf1ad9f6d7033ae3a3c,92.56700728,7312.793575
0x5e3aeade3221a1e716ee21364559be83ee696eeb,91.11193278,7197.842689
0xd7a387211c55a01fe86e1ca0bd7f623ff87cd0c1,88.70742591,7007.886647
0xd00df8d81a66654866fe7e8a39ef42ed0622f847,87.67101724,1000.070213
0x65ff7b460dff1dfd95c98a98190b15c54f40fd48,87.55750349,160.0668111
0x5a06d8c37aace8a1cf5739c33a279d7aaf722856,87.30787776,1114.21731
0x8825e10f007720b318938185c32bdf9a6b82524d,85.66575248,1936.193349
0x1e6c02d4f25dff92b8355abbac1b9522e0a7e8e9,84.61830299,6684.845936
0xba8f8e5c8763ac6eb7aa77ac9268e9162a686648,80.32531685,3438.868669
0xb9cb7f95139001470cd480d0eaec83b5d8fd5dc2,80.02886459,6322.280302
0x9223f4702d712f6a0a8b2c8671e1f66be6cbad21,76.08572208,6010.772045
0x1064aa646a7aedbd40816fc0c35e044d0244a764,74.93815763,5920.114453
0xe6c3688337a33a61226c625f3f4ed785edf570bf,74.05360582,5850.23486
0x7dc241bc8687015644b278deb956ad5020dc63c2,73.39738974,217.6677703
0xb9a5edecdacdbd76791ce6bd3affbf4197e4d990,73.16924762,5780.370562
0x00000000ade08af100067334ea00e285a37e00f2,73.13118222,351.8068022
0x6a4e4e982baa4e80054963a21105395f53312257,70.98689921,5607.965038
0xcca11a8edb05d64a654092e9551f9122d70ea80e,69.48635495,5489.422041
0x92e9b91aa2171694d740e7066f787739ca1af9de,66.22833301,5232.038308
0x4aed25296f6d4445888754895f8f3f235f474913,65.16717312,5148.206677
0x970709b2a237f2d6ff2306d9db1b86fc215f7113,64.89271329,5126.52435
0x9a1e562285030d2fd59223492f6173c5eae85b1f,64.02309167,5057.824242
0x411150bf77260f446e6ac5c182981b949ab9502e,62.33974348,4924.839735
0x5d0d47f2eea897c2c56f79ff18ce0e3eb24bdd71,61.56604989,4863.717941
0x639bb215b1b243561a9f19c13a1db3db0919fd60,59.9468564,4735.801656
0xf706d0130343b1f5c0175803250c4ff32182bfc5,58.55180531,4625.592619
0xb8d586c8f04c343f6ec59a523d55dc8f0bf0f524,57.51591737,4543.757472
0xbfb4d7570b5afe6bb10e026749c695dda03cf3fd,55.76190273,4405.190316
0x5786ec177be57110cec0cd1b742bdacd6e1fb42e,55.74775506,4404.07265
0x31b90f6d1c91ddd34aec85accf217297a5852d5c,54.97754343,5393.570481
0xf7ac4701ee00bb188d3c2c847721fd894a9ca501,53.89031056,4257.334534
0x7bf8246e1fe2cf3c0eb0deac68214aa691712675,52.80741506,135.6185185
0x891e87c3d47595f677055ae01a7ec2df2365c559,52.37541712,4187.670953
0x2726b9c2638f64aa6d712298200ed60ae49fe159,51.61210675,4077.356433
0x79ae3210aa7b4523767667915cd44c27215e1d95,49.20296116,52.98662258
0x45b3029f74d840140edb52e26ec0e193ca19713f,49.05231663,168.1563668
0x21971a44a4a7d61a8ca97319661179c7719ebc85,47.31056147,51.09422288
0x9af991c12c185a688f05f62ed129134436610138,46.45646255,3670.060542
0x0dec2609f6c06ee75c11c96d6d4f8be9519ae0f7,45.99459756,161.2775547
0xc70f1fdc21eab03bcf55c12e365c30da93f6ac92,44.86783995,3544.559356
0xa03c66107d533f91fe40849a09c9faaf63af5bc0,44.00597041,3476.471662
0x29f1327bb1d97c50ac4b62d7686de154d40d207a,43.8177223,3461.600062
0x564abaf3c606a90838894d93ee1de2d0b72161cd,43.16548675,3410.073453
0x7b5da006d1e4a655f9f7b2001461f2f8adebaba9,41.19231824,3254.193141
0x6b929fd60c3d524df5f7119156f1e85e50a4bcd0,40.78489323,3222.006565
0xe00f3a94fec61b53d804249c507ec10df4dbc39b,40.24308619,3179.203809
0x2d0fc432c5a6475995051dc677aaf359db8f6093,37.37319038,2952.48204
0x6fefff5f795aa546caf6a2689f96523a6df4a177,36.98340433,39.56265185
0xb610bcc876650528c83f931727d625dc91905fbd,36.56396787,2888.553462
0x1ad5849ea9b00b71cbde6800c449b736b5d35f91,36.05138769,2848.059627
0x9d080e2d8fa2f5df124214d4ee7ddc6ace792124,36.02936546,2846.319872
0x338d72af474451ab25fd5bfdf554a9fc699466c7,35.62389421,2814.287643
0xe02816dfaf2cec20c6f28f721ef6a75b5a455dc7,35.34603962,202.3174578
0xfc193599fa211539d85b3925d62ff351885f112b,35.32230749,2790.462291
0x1a7d7e6abea492e7b9a3cae667f468c72e884671,33.66728805,2659.715756
0xc4a72063c03e77893b2f0181ffd22b34cab170fd,32.82906799,2593.496371
0x7cabb73f5b840b245ec2528751445da1f6dd7eee,32.18242669,2542.411708
0x0dd70e248a98c9cebf1431048f593eb1cca3ef43,31.92448552,2522.034356
0x2ab03b6e2b261f542569b8f016eb48d302c1e4aa,31.13720032,4303.024514
0x5a6509e29f8831ffbf4582dd8fb470beacec5c98,30.687557,2424.317003
0x561f633b58662ff9d64715ee3bd21c2fcbb6e464,29.64912787,167.5048897
0xdb01fedf75c733a46ae97676445b6180d8826455,29.31342983,2315.760956
0xd91dc7c83bd01b91cb25019dfc4e35bc6faab814,27.98938298,3703.679594
0x6fb417bdb22201b31e1149a435c1d8e63fdbdc15,27.78283162,2194.843698
0xea4e40f8d11ffe1ee6368ca193e508578ac7e56b,27.64438261,2183.906226
0x7979a2af19284c24147bdcfb85bb2150ddf2c050,27.45999102,2169.33929
0x0b54a3de68e0515cb85e44b4c688cb41e35335af,27.43435209,2167.313815
0xe3b335736c504d7a9c321b479be5cf1c6defb21a,27.30432811,2157.04192
0xb4a6905784fe9bc4a12e74c63ced9395067d51ac,26.6444859,2104.914386
0xfa4dc543531b5b176ebd03209d4b18b575f76a52,26.60995927,2102.186783
0x35f2281416437a6e3f84a459673f7a755bcc9310,26.60789206,2102.023473
0xcdb44da25f2b8beabac777dc1483c381cf1396ae,26.25625903,2074.244463
0x0551eec9820a6cd9fcbc10526c09f3f659a9b8f8,26.22477007,2071.756835
0x5bae2a4e9fc9f0c8e4ea60aaeb668d51a8b40bcc,26.15392007,2066.159686
0x77d67811527acdf2fc5c9748cfba0ee9013c2891,26.08553388,2060.757176
0x22c5c3e8b3c83a69d57d8919a9ae06668a5c005c,26.01561903,2055.233903
0x30784ec9b03c039ebb880e3936538e652b1cf5ba,25.88362135,2044.806086
0xb5497427ac120c734a76be1b85a82156447c7e78,25.65265895,2026.560057
0x848be80dc7c2997fa6d7f53f7a90e3c35659ef1e,25.41197144,2007.545743
0xfeb5fe0f5173ad18bf74145007540dd3724ee24c,24.91739926,1968.474541
0x7e5ab36876a267560e7191cedbe99ee7bc04bc30,24.70571988,1951.75187
0x8300f444462e55d11dba5823a1584badfc293fd9,24.56017258,1940.253634
0xd4ae63878f66b41c4a460266357c67811a07e75d,24.39371254,1927.103291
0xe43aa34ee3bf322a680c708eea5e64a9e4a99ed3,24.30331242,288.2871275
0x6fac5001873fbcb930678a61f34e5ad456c284cd,24.26454631,1916.899158
0x7d0051dd1b619fb0ddf77d61bd7131c5be5cda08,24.24674308,2958.117961
0x311399b3d6f728973bfe8ee06b11ea3aa67b0859,24.06742189,1901.326329
0x7912b5866df9de1bc8d8c2447498ac8366a7e8ee,23.83365223,1882.858526
0xd3cac994f3859d502285d3205f4cf5c9b98b6a86,23.46051359,1853.380574
0xa19b108df3c098875daa3c3dbf57b05521ba1a2a,23.3000414,1840.703271
0x566f193d80c76a324cf5e521d62657f4c4d4ccc5,23.22823128,1835.030271
0x3565a3aaf9d01061ca79356de5bd2b531a1b72b9,22.89740143,1808.894713
0x1f6a3a667b6c5234a4b621955964f9bf80728069,22.09732518,115.73303
0x257b475199f28ac83d07196cabb618700067e285,21.98466423,1736.788474
0x50d12e66195a67c80531f251ceac41e7e5e67340,21.95692699,1734.597232
0x73a987534554c733b8f2af86ea7e9a70f4cde222,21.93509264,85.42970405
0xb35b030a7a453941dc8236e1fc9cc4da2601b035,21.82492742,625.8794871
0x93ec07ba1648b54787748d6e960a66ee442b8424,21.71681718,1715.628557
0x46a20d31fb68626fde838829a455d31468367855,21.29457719,1682.271598
0x038b97d549bf4d3cfa4e116a7f6ed257249001c5,21.03574711,1661.824022
0xcabb9897de403d75f7f6cc066eedfa3a9c5be8cb,20.98106357,1657.504022
0x84bf008729f50c4d4f9ecbf1ab528c232dee1b57,20.90540815,1651.527244
0x79d665db3cadd6743c03542fff840e740b3c17d2,20.57885089,1625.729221
0x6cb8544cd4f894837e727af1e4ca65387dcf6338,20.20843158,1596.466095
0xe823c48f73f6e50ba3a123161c5920d17f66ad89,19.53765528,1543.474767
0x5284b0ba212a1f94246afdf3ceb892441d1e3434,19.51227175,1281.305845
0x084c2c02a1448dc79692d8908648cca6d5e0b1d1,19.12113237,1510.569457
0xd6ca3ffe8f3ce2553ddf779087ecc7a2ba7f9f52,19.03759859,1503.970288
0xeb86e881f7fa952622e8f99d6f92e88602a30df6,19.02274678,1502.796996
0x4452b106f1c89a8d560986a516fadf432cb3196d,18.74987669,1481.240259
0x5f820910c838209d132d6cd869126d56d8165bb0,18.58258502,1468.024217
0x907854ac2768a1a923f15a1345872c149b774e4d,18.55968496,1466.215112
0xdc2462fb375bde1454017293eace4df1a58f57e0,18.06413951,1427.067022
0x385df8cbc196f5f780367f3cdc96af072a916f7e,17.68225015,18.03589515
0xa5dfe60d8300bdbd50fbab06aff0180cb6a798fa,17.55882294,49.30383147
0x1259a5c3d6a30a18ee1e04daa2c6e43d4c442632,17.51376989,1383.587821
0x67c2952229d829b8bc40ba3c957e943d884fc739,16.78377709,1325.91839
0x7b51c87167f50418c6fc1d077ba09318796fa563,16.53969302,1306.635748
0x3c080540159fb2f21bfb11da634063f69baf0ed7,16.32441933,1289.629127
0x10763e8429df73ec5ebab34157fa7f168d07eefd,16.23855512,61.04474752
0x643dfc6542186a47d029448ae0a7f2c6dae7f3f0,16.00577292,1264.45606
0x277924392b9911409d67708681ce4e39a982923e,15.85792698,1252.776232
0xf55440d1bc4819f8d4482a6b71f2ccaa7f157c99,15.8228498,1250.005134
0xadb52c0ae4a3436cfd91c56e9cd9a8746ebb959a,15.53151897,1226.989998
0x4b0c1beea2e8a8197fc48b0425a50a7204412989,15.26466447,1205.908493
0xf93f5436d997920129cc9697f0667801c577e847,15.09402453,1192.427938
0x7afd5607bb47fcea710c307841fec04071070d37,14.78006247,1167.624935
0x90fb70f25005899b4ba4da3692122faeaf8c3daf,14.69012078,1160.519542
0xd5d1ccecbe3c6b19c6ec95f2b772e9cb9d65e209,14.53223271,28.03708936
0x72dc74c1a82990daf14d0c9f372a9fb8d172059a,14.44795985,1141.388828
0x9d6081625c26b2469fab3020bcb7450711832246,14.40519563,1138.010454
0xbc36edf690cc29ec3ae45b75b21e142315631268,14.26087314,1126.608978
0xc8686783ffc680006e7f6e1da123e7ce32273146,14.23426013,1124.50655
0x28b75decff49422b23e10f842b53af6934f91df8,14.11646861,1115.20102
0x7233581a7380acd4510dc5ffbdf9bbba348da1cd,13.99282584,1105.433241
0x3500962dc595428ded6ae0b943e6f81496950969,13.88505109,1096.919036
0xf8ba67af2f7300e378ce293452cf56d84785c28b,13.88505109,1096.919036
0x8a4edbd1a9004355038b54aec415ee797452851e,13.86221028,1095.114612
0x2eeeffb80c17bfacdd31783f49ef5f30a37bf300,13.79468972,1089.780488
0x35c5e58f050670921745c72f190b476c6838931f,13.52594745,1068.549848
0x9ec3ea35856c3047e4e3f6f5fa7895704110f9bb,13.32053571,1052.322321
0xb05dd7a9b6dec20f6c48bc8d2b88e57440dcf86b,13.26238344,1047.728292
0x4cec924686aa44056eb36064abe887d6af0d7cff,13.17903551,1041.143805
0x5451a0302d1799da199dfa2f33c1bc0c5b711ff4,13.17415619,1040.758339
0xb0c591e5d706b304894fc7188400ed46c135ec5c,13.15375069,1039.146304
0x3d2996ae16006101abd515b11b6a836ce254507c,13.12016071,1036.492696
0x7e8ba3fa5f0102004e734437f18eb2de612c3187,13.04699147,1030.712326
0x300736a2c7eacac5524930aff74779ecb2c775ed,12.95276009,1023.268047
0xdd52d2c867d387e29723c5636f8d19dd5c5e70f6,12.68622448,1002.211734
0x74d94df086ea4d15b6641874cf73c618330b2b3c,12.49351875,15.07034219
0x52a0e299cc41035ce70df5bf48b95e7714220ef4,12.36357315,45.05831353
0xef76cf033f7fee8a75c7b0458f138122b38c0b68,12.34731054,975.4375324
0xaab4667dd4a832e2a8072e51d527af07425da7e0,12.31196249,972.6450368
0x27c5932ee1b0873e67279066be914d46203fc738,12.25584898,968.2120692
0x9ad82cf8411e352cdd771febe5f60cb4293a1077,12.1733527,961.6948636
0xd9dcc3e5f57952534e359f094abf29610e59097a,12.08050871,954.3601881
0xbc8819c1821bc52b5d30d2dd52f0cb6110510005,11.98841221,947.0845644
0xbc93245fcb01b5aa86e0ef87aa4819899db3a24b,11.84639795,935.8654381
0x916308fc74a7b2237b13413907ed60989f9f9254,11.72754436,770.1087462
0xcfa21daf293c009025eaf539db7f53dcf5e33f45,11.66808334,78.61613725
0x3fb65feeab83bf60b0d1ffbc4217d2d97a35c8d4,11.6605721,921.185196
0x27f33f5af3125c7488051134872e6e7a3c5a644a,11.57087591,914.0991969
0x6bda3f98afdbb5d05a490692b0095137943c6f43,11.57087591,914.0991969
0x9fa7bb759641fcd37fe4ae41f725e0f653f2c726,11.5003765,908.5297431
0x40fa4987daaa6350c758833b90cfac96744c35ba,11.12825853,879.1324239
0x4d380aec34583e50f4e8df9013160ac8e9b4e3fc,11.01117832,32.79399903
0xbe5af86e3179cdf0cc68aaf7035f7602fa56a891,10.99846092,868.878413
0x81af0cbbca81903c502ea642b3a50e6d5a0eec9e,10.97394558,866.9417011
0x22c7972ae542e2f8d21bfd3161b3a2a4be33dc2c,10.81744603,854.5782364
0x2420d61b30ebecc787fc4ca27f1e0b75037fdc68,10.2953591,813.3333689
0xfc292268d4fa9d777122505abed910ccbb7ed4d2,10.1823708,804.4072932
0x005fe151d9185a30a11b3fc7233ca3b2cfee7ec5,10.1662989,803.1376128
0x5856e31484aaa38e51f670636082cd86c5a709cc,10.15511149,802.2538079
0x287edff076ee974ff05af79f6662911dc0f20158,10.07026625,795.5510341
0x2f0df65c444b35b3cbce0efaecd9c9750612e136,9.661848691,763.2860466
0xa1c2ff024c313088ac9ec47ec68c67b2b5478035,9.539341577,753.6079846
0x6f0ceaac10724cc048849d4c742eb9e38e46a001,9.398609997,742.4901898
0x61d0ec3b806e4ae7a88abd82b9aaaa21f1e15d18,9.374675892,740.5993955
0x036eff96a00b461bf86cdfb6cf1fbee08e9e3be6,9.256700728,731.2793575
0xd2ce17b0566df31f8020700fbda6521d28d98c22,8.826727885,697.3115029
0x15374a7e0083c1067dd22995ca1256fa2b97ad55,8.551655816,675.5808095
0x73d94cda62fbe0d7c016e96a330d2052fd9c6e2c,8.476823691,669.6690716
0xf71c76f3449bc86997b69f0cb3702dcb4e01a9c3,8.395415658,663.237837
0x89baae9021db2625b1b41277bf1f5d96c9c91ce8,8.284747151,654.4950249
0xd4d5d407e441471bc595271a5de00cc7424bde60,8.007267507,18.12963044
0xb1e12a8c27de1420b9c02a883be09295f5554e63,7.454574409,588.9113783
0x7b3280eac76c53e684fe739509cfbc18c5ed6eaa,7.408386322,585.2625194
0x9899d7bf766455594f78491c1c31834781910e47,7.362655542,581.6497878
0x3bc7b87f8b153bf91ef1ab6bc68b7bc859960f9d,7.203074519,569.042887
0xecd5c43a34a06c2f2cec4a5fd1eaf5b00f8dfed3,7.173943064,566.741502
0x46c2d1d25426936fc5d01944e6050298661822c5,6.996179715,552.6981975
0x5bfec9629eec534eb128df9a2e9db7ab4c7b9497,6.996179715,552.6981975
0xb218689535d69bb09147a7906631d9613f0655c2,6.849958538,541.1467245
0xafa1bea94b511053c0e812189bbe89149152e8e0,6.837710787,540.1791521
0xdd9f54202862648b872da6c99896208bca32ed58,6.809418134,537.9440326
0x03b02df8df6ee963b27787fce9ce7817544a5f10,6.774634024,535.1960879
0x7daab725e8c2698bc8788b2e017623e53b9dddd9,6.73345761,531.9431512
0xc056648214f386ce7b173394c32d2b96b0cfc4b4,6.61854102,522.8647406
0x475831aa15918bd502e982dd41a62898887257b4,6.600759569,13.61296958
0xd6d6d4f25700ed29a9e1e20a60f4857da6c85a64,6.575884074,595.8952434
0x396b002ec9123610e1e5990d8766c2a08ede8e37,6.52879049,54.13557241
0xd41098dce87112365a43e2a3a500566c0b10c6d9,6.248272991,493.6135663
0x484ec62385e780f2460feac34864a77ba5a18134,6.207943467,490.4275339
0xf715623bef9f5360a9f7c8afe492f6eb91e12655,6.155705984,486.3007727
0x1c1c9301509cc58a9af37ae75569b52160a29326,6.147776321,485.6743294
0x8152f17d66579566ded4aaeb3be260abcbe83c1e,6.091340472,481.2158973
0x9bd03673f9f3db5037cd839e96675b047eed143f,6.082193709,480.493303
0x79c4213a328e3b4f1d87b4953c14759399db25e2,6.072858512,479.7558225
0x0c74f75c1c696f6c5453b85e0ffed494a3b2f419,5.999043359,15.99744896
0x832e81b8e924ea8f4785e2218dbae50463fae295,5.739154451,453.3932016
0x64dd15d1faa5d3b24af65be3a77410603c9e60d7,5.610576913,443.2355761
0x0c9e25f360807da04549a69baec94c9fda1d41a7,5.584066799,441.1412771
0xf37a0b3fe3d776010f5b648a4050a7017e5612d7,5.513628333,435.5766383
0x39efd9a9e3a1202e3c8000405855d41cc652e411,5.481862581,433.0671439
0xd221734b9add3699e8cc7a790fb18ed967ba95d5,5.480939833,432.9942468
0x7a398db639e2e0077cfe669d13dfdd660477fa6f,5.182661216,10.70258424
0xdadd6eb988ce8384e571b68ecef401ba4e39de53,5.110210881,403.7066596
0x4dc6d3e6b69bedd9366bf4c38d7a22b1a423627d,5.099374311,402.8505705
0xeae59890f7787b05d0c6375651cd59920afb0576,5.030385774,397.4004762
0xb44f5a494fbbafa10410ddeb8c1394700cbbce40,4.995527827,72.78228509
0xd97af65dbcfe106e59b9e57104cc5565a85266f6,4.981279957,393.5211166
0x694f51ea6a7a2c4c42fd772d890a3fa68ebe49b5,4.879317109,385.4660516
0x512f8a5bd421f1c34f3d52aa5bf9778e0cf44a34,4.843318532,382.622164
0x0000000000146084c2be594855d9e8a43488de1b,4.745332005,63.3359963
0x5ab2d1f5069dd2f9aeec3b0a8e923b1cdbe7fc44,4.710270316,372.1113549
0x47d56ffacef9fb46738715fac6388297d51cc916,4.707495155,371.8921172
0xcf00f063f9c57613010701ec0dd10b732f371684,4.70240397,371.4899136
0x74fa1be357bc182c88ba77e771a5502e2b271f1b,4.645646255,367.0060542
0x5fc7bc772447efeb988d244ca2343c966b1b0c02,4.643402959,366.8288338
0x5f67ffa4b3f77dd16c9c34a1a82cab8daea03191,4.53695066,358.4191022
0x324b303d930831bab27b8458428f10ec1b4285cb,4.527347197,357.6604285
0xdee1e28df69607379f34398745c3a65a49b03f82,4.499908729,355.4927896
0x9a5205805a825c76a3ef3947e4d41f31bdc6a37b,4.427196789,349.7485463
0xc9a91327347b2a884594b8d62257b85d34e6e252,4.315828395,340.9504432
0x5c95a4c6f66964df324cc95418f8cc9ed6d25d7c,4.197707829,331.6189185
0x865486e7d898e2257761a43ad56731ac85193451,4.18108163,330.3054487
0x665df2dfc3b6f26e6803e85b917aee629ebd4c75,4.135089732,326.6720888
0x4083d4ef32631ed3394cc1b11efb03ceebcd2f6c,3.98595549,6.64325915
0x687a990c2e81de7bd148f255c083328172289a8e,3.980381313,314.4501237
0x7bcfe069b5c63d69cfb82b1f1d3c4c6b0729fec6,3.932199204,310.6437371
0xc444ad2a4c03f72320346b07d4fece47b7ab2824,3.823143409,6.21450976
0x8e2d8f6ce901d9c558f30690fb52ea864a49bb75,3.703605961,292.5848709
0x1f765f280274e15456142050fdc710bb8eb56912,3.700139029,1476.355473
0x1fdd1e5c2b61d4fe0f2dbde24148bbb1a19f70e1,3.625101911,290.6065142
0x202c05cf01d9db2b44b50ba7827a001755305591,3.559628465,281.2106487
0xe7d11068194219f6fcfa8ff1cc2237ac9c6404c2,3.515099873,7.03903052
0x19c6f06d3ca908f1b276c13e0e0166bd830d992c,3.501956251,276.6545438
0xf33a30f4a7bac84fa42eb8baa9e8d84018ea6277,3.413288502,35.44505206
0xddfb9309d70c7f26aee14f350b240586e6f26e7e,3.397345924,6.770462243
0xac3371936de69e98071dc7c615e783234ec0b53f,3.339354787,263.8090282
0xb603954ad38e94ccff94d1f5d98495b89bb004ce,3.316039657,261.9671329
0xf8c315959fe4682d4a43355a52d4e8c4d93525c7,3.05471124,241.322188
0x423266da967ca02c34579c90f16cd230fffe165b,3.037863653,239.9912286
0x8a286c3162a1907d2a2aa4a2f774c38abb6bda7e,2.997103052,236.7711411
0x3731c0d1d9e4910a5bf8f4dbe895e5472d57b760,2.986208929,17.20980815
0x457b05a00fb67935c8e3adfec5fc9ff4052ea70d,2.869577226,226.6966008
0xfc9dd877930e9799beb663523bd31eefe3c99597,2.869577226,226.6966008
0xfe5d96f817e684ba20473e7c54f1ba3f0ad5207e,2.777010218,219.3838072
0xedcd37a845624689924e04c07b0f1e2b6c4fe200,2.577011598,27.54665721
0x3e794e92373ebffffca245abbde7a955e758d084,2.515192887,198.7002381
0x2afbf58dccae8b7fa610decb8db80d8261601cad,2.515192887,198.7002381
0xdbdc59b4ffc6f64fb24b69d35d13b65b6cdeb4b8,2.464821099,7.771485199
0xcf2fac8a9e7f45b714f04119925be23fa2912d4b,2.453025693,193.7890297
0x92872e36989f2fbbcd701297449806d089108048,2.378304992,7.621052596
0xee2c3bb9d487a84512ea8ea70d924fcc9309bc87,2.291219844,39.38223101
0xba0995c52474dfb7c48181f71454a63a2847982c,2.286538988,180.6365801
0xf368a4e099f3ed40e211236e83ca4b5d463dd67b,2.24992389,177.7439873
0xc1a017f0f322b7d8533ddd9018203532a6d62895,2.209745132,1324.964509
0xcd1a42b69392359cff4d63e4a3f46ef0acd2d733,2.122412384,167.6705783
0x4257e9592edf8bdbb9b99f2b8b6810e23fb66c14,1.951171427,154.1425427
0xd49322add203c8e04acdd53b7ff14b5e0ac861d7,1.937234488,153.0415246
0x5404cab11dbd30fd00069d473c621cd2c7b6ae66,1.920543636,151.7229472
0xbb7a8328c1747798f8782396dc81c92d6d3e8d1d,1.895423672,149.7384701
0xb159f3453da87efc0582ef3e6dae8f03482ec85f,1.870671841,147.7830754
0xa1a0e1c77eccdd42c3424a852d1d950d4f70a195,1.865647924,147.386186
0xc335a9c6e97f678fb093953e9ebe810f0e38bf90,1.863833278,147.2428289
0x536f71165ab1a25bca0686fec2b426fc0db21dec,1.851802981,146.2924355
0x011a8fc358cba4587e66f464e9aee0f62c7a647e,1.672897217,132.1588801
0x6a56ebf9c469f1f6cd7324ebd809b7e541cb9964,1.625013813,128.3760912
0x4525342aee5e0864096c189bfe0018f13e48d1e9,1.534516763,121.2268242
0xcafc736d3dce097d8038feb54ffa00b179099dc3,1.424355142,112.5240562
0x278c7f3165d6c81c111ec53494a69e1db108c083,1.399235943,110.5396395
0xa07c565326376055dcfa206ef5b84ae471fb735b,1.394158441,110.1385169
0xdefa1f091e3d65cc6d166b8a2c3a4bfc62b2bed0,1.393693877,110.1018162
0x52472d7dde0f0125e2e86bc69dee33d2659e5355,1.393300418,9.149712803
0xe1268b49d3e4e559f466239df4bee1d5cae04356,1.275567059,100.7697977
0x50eac1976f1493fce54b0572a5d0202e8b73c665,1.207868026,95.42157408
0xe07c49b95c73d4fb6b9bd8fbe8d479f2228ae467,1.199320757,94.74633982
0xde722c0d8738a1e0ec7885483331f52fb3b7f308,1.157230482,91.42120809
0x680a6114dd343556dbd3fa564f790e2d14b45d5f,1.096372516,86.61342878
0x4e37162d9b57fb82e1e344298cbc2303f158706c,1.072747556,84.74705695
0xb1c241c4272bb839fc71e54cfe11f8798486d20a,0.929129251,73.40121083
0x45c0b7175a31a176e92f97d8c2af06e397a4e2c1,0.816220967,64.48145637
0x0c526f94588ff82a0905e4e27cea910fda85fdc5,0.793288629,62.66980172
0x905e82f9705e2962e340573bce14bb2f2a4e4858,0.792900368,62.63912905
0xee73b7891d1a070f485d249adc56643d1e75c34c,0.748076922,59.09807682
0x0d8f2d85728cc0674ed76192480b1d090fd39562,0.697178661,55.0771142
0x35080cda95a7a6959effc293f4a4274110b77777,0.639222139,50.49854897
0x013cc394844aa993d73ca9a08d89dd6d046f3bcc,0.591915362,236.1742294
0x1dd132fffcdec23e8ba92f2f5a2b3638978537de,0.533724111,42.16420481
0x309934b6b1ef896d04f3536d50db456cd22d3b58,0.507611655,40.10132078
0x4cca48429326ae750b2898fa0f8e50d25a016b15,0.374653876,13.24912343
0xcab01a909275b32225e8b999c5c31d6f61ab4c4a,0.19617479,0.58852437
0x8d0770a7fc9e2f92b3c68e75c454aafab856c5b1,0.192539375,15.21061064
0x9835eaf32f65874942fc2b81e60a38c9e7095fbc,0.192069275,76.63564073
0x8578fcb44ca2fa3841e6b730d48c34d797fd6a74,0.162597619,12.8452119
0x51f6f9edfaff308390795e3de628b96967e35a08,0.160178666,43.08806109
0xe40046ac333cd9555165f0896af6d0b1decc364f,0.103767702,10.09665201
0xdabb31a868817da1543c04dc322032e54d01c5de,0.029731262,11.86277365
0xfc558d9c0d19d242b6fba0f0ef3ba8d3bb2286d1,0.016151569,0.019758593
